name,category
Places365_val_00032529.jpg,/a/airfield
Places365_val_00003597.jpg,/a/airfield
Places365_val_00019907.jpg,/a/airfield
Places365_val_00001226.jpg,/a/alley
Places365_val_00003330.jpg,/a/alley
Places365_val_00011692.jpg,/a/alley
Places365_val_00001596.jpg,/a/amphitheater
Places365_val_00004036.jpg,/a/amphitheater
Places365_val_00006963.jpg,/a/amphitheater
Places365_val_00007218.jpg,/a/amusement_park
Places365_val_00000381.jpg,/a/amusement_park
Places365_val_00032814.jpg,/a/amusement_park
Places365_val_00004138.jpg,/a/apartment_building/outdoor
Places365_val_00005567.jpg,/a/apartment_building/outdoor
Places365_val_00009732.jpg,/a/apartment_building/outdoor
Places365_val_00000909.jpg,/a/aqueduct
Places365_val_00003175.jpg,/a/aqueduct
Places365_val_00009698.jpg,/a/aqueduct
Places365_val_00004481.jpg,/a/arch
Places365_val_00028505.jpg,/a/arch
Places365_val_00032630.jpg,/a/arch
Places365_val_00003511.jpg,/a/archaelogical_excavation
Places365_val_00010079.jpg,/a/archaelogical_excavation
Places365_val_00010437.jpg,/a/archaelogical_excavation
Places365_val_00001103.jpg,/a/army_base
Places365_val_00004080.jpg,/a/army_base
Places365_val_00016938.jpg,/a/army_base
Places365_val_00004749.jpg,/a/athletic_field/outdoor
Places365_val_00031040.jpg,/a/athletic_field/outdoor
Places365_val_00025585.jpg,/a/athletic_field/outdoor
Places365_val_00004428.jpg,/b/badlands
Places365_val_00020629.jpg,/b/badlands
Places365_val_00025607.jpg,/b/badlands
Places365_val_00013930.jpg,/b/balcony/exterior
Places365_val_00014932.jpg,/b/balcony/exterior
Places365_val_00025804.jpg,/b/balcony/exterior
Places365_val_00002780.jpg,/b/balcony/interior
Places365_val_00029879.jpg,/b/balcony/interior
Places365_val_00030717.jpg,/b/balcony/interior
Places365_val_00003039.jpg,/b/bamboo_forest
Places365_val_00004276.jpg,/b/bamboo_forest
Places365_val_00008658.jpg,/b/bamboo_forest
Places365_val_00010357.jpg,/b/barn
Places365_val_00021630.jpg,/b/barn
Places365_val_00033604.jpg,/b/barn
Places365_val_00004418.jpg,/b/barndoor
Places365_val_00006862.jpg,/b/barndoor
Places365_val_00007654.jpg,/b/barndoor
Places365_val_00000130.jpg,/b/baseball_field
Places365_val_00010407.jpg,/b/baseball_field
Places365_val_00004813.jpg,/b/baseball_field
Places365_val_00001848.jpg,/b/bazaar/outdoor
Places365_val_00018728.jpg,/b/bazaar/outdoor
Places365_val_00030178.jpg,/b/bazaar/outdoor
Places365_val_00000284.jpg,/b/beach
Places365_val_00021345.jpg,/b/beach
Places365_val_00025777.jpg,/b/beach
Places365_val_00000013.jpg,/b/beach_house
Places365_val_00000777.jpg,/b/beach_house
Places365_val_00009878.jpg,/b/beach_house
Places365_val_00001713.jpg,/b/beer_garden
Places365_val_00002479.jpg,/b/beer_garden
Places365_val_00016779.jpg,/b/beer_garden
Places365_val_00000995.jpg,/b/boardwalk
Places365_val_00010230.jpg,/b/boardwalk
Places365_val_00022752.jpg,/b/boardwalk
Places365_val_00002028.jpg,/b/boat_deck
Places365_val_00006412.jpg,/b/boat_deck
Places365_val_00009418.jpg,/b/boat_deck
Places365_val_00000367.jpg,/b/boathouse
Places365_val_00002490.jpg,/b/boathouse
Places365_val_00019624.jpg,/b/boathouse
Places365_val_00000629.jpg,/b/botanical_garden
Places365_val_00018320.jpg,/b/botanical_garden
Places365_val_00027522.jpg,/b/botanical_garden
Places365_val_00001168.jpg,/b/bridge
Places365_val_00001556.jpg,/b/bridge
Places365_val_00007116.jpg,/b/bridge
Places365_val_00000992.jpg,/b/building_facade
Places365_val_00002553.jpg,/b/building_facade
Places365_val_00025261.jpg,/b/building_facade
Places365_val_00002296.jpg,/b/bullring
Places365_val_00003398.jpg,/b/bullring
Places365_val_00007529.jpg,/b/bullring
Places365_val_00020442.jpg,/b/butte
Places365_val_00022711.jpg,/b/butte
Places365_val_00027969.jpg,/b/butte
Places365_val_00003795.jpg,/c/cabin/outdoor
Places365_val_00009514.jpg,/c/cabin/outdoor
Places365_val_00000147.jpg,/c/cabin/outdoor
Places365_val_00000937.jpg,/c/campsite
Places365_val_00007601.jpg,/c/campsite
Places365_val_00034203.jpg,/c/campsite
Places365_val_00000408.jpg,/c/campus
Places365_val_00019411.jpg,/c/campus
Places365_val_00026591.jpg,/c/campus
Places365_val_00001131.jpg,/c/canal/natural
Places365_val_00014220.jpg,/c/canal/natural
Places365_val_00015425.jpg,/c/canal/natural
Places365_val_00000540.jpg,/c/canal/urban
Places365_val_00017926.jpg,/c/canal/urban
Places365_val_00024873.jpg,/c/canal/urban
Places365_val_00000263.jpg,/c/canyon
Places365_val_00001984.jpg,/c/canyon
Places365_val_00026262.jpg,/c/canyon
Places365_val_00003767.jpg,/c/castle
Places365_val_00009942.jpg,/c/castle
Places365_val_00024457.jpg,/c/castle
Places365_val_00002678.jpg,/c/cemetery
Places365_val_00003369.jpg,/c/cemetery
Places365_val_00006872.jpg,/c/cemetery
Places365_val_00000580.jpg,/c/chalet
Places365_val_00017409.jpg,/c/chalet
Places365_val_00034577.jpg,/c/chalet
Places365_val_00003612.jpg,/c/church/outdoor
Places365_val_00004665.jpg,/c/church/outdoor
Places365_val_00015296.jpg,/c/church/outdoor
Places365_val_00000117.jpg,/c/cliff
Places365_val_00000376.jpg,/c/cliff
Places365_val_00000810.jpg,/c/cliff
Places365_val_00000336.jpg,/c/coast
Places365_val_00015587.jpg,/c/coast
Places365_val_00021722.jpg,/c/coast
Places365_val_00000875.jpg,/c/construction_site
Places365_val_00001171.jpg,/c/construction_site
Places365_val_00003854.jpg,/c/construction_site
Places365_val_00000281.jpg,/c/corn_field
Places365_val_00001049.jpg,/c/corn_field
Places365_val_00026603.jpg,/c/corn_field
Places365_val_00018950.jpg,/c/corral
Places365_val_00026529.jpg,/c/corral
Places365_val_00036058.jpg,/c/corral
Places365_val_00002169.jpg,/c/cottage
Places365_val_00007549.jpg,/c/cottage
Places365_val_00018132.jpg,/c/cottage
Places365_val_00006566.jpg,/c/courthouse
Places365_val_00009225.jpg,/c/courthouse
Places365_val_00028243.jpg,/c/courthouse
Places365_val_00000256.jpg,/c/courtyard
Places365_val_00001018.jpg,/c/courtyard
Places365_val_00009456.jpg,/c/courtyard
Places365_val_00002517.jpg,/c/creek
Places365_val_00020832.jpg,/c/creek
Places365_val_00025618.jpg,/c/creek
Places365_val_00000708.jpg,/c/crevasse
Places365_val_00001579.jpg,/c/crevasse
Places365_val_00004305.jpg,/c/crevasse
Places365_val_00003786.jpg,/c/crosswalk
Places365_val_00005014.jpg,/c/crosswalk
Places365_val_00006160.jpg,/c/crosswalk
Places365_val_00000061.jpg,/d/dam
Places365_val_00021617.jpg,/d/dam
Places365_val_00035184.jpg,/d/dam
Places365_val_00000534.jpg,/d/desert_road
Places365_val_00011282.jpg,/d/desert_road
Places365_val_00033398.jpg,/d/desert_road
Places365_val_00000251.jpg,/d/desert/sand
Places365_val_00002122.jpg,/d/desert/sand
Places365_val_00002993.jpg,/d/desert/sand
Places365_val_00000438.jpg,/d/desert/vegetation
Places365_val_00002420.jpg,/d/desert/vegetation
Places365_val_00003550.jpg,/d/desert/vegetation
Places365_val_00003884.jpg,/d/diner/outdoor
Places365_val_00003957.jpg,/d/diner/outdoor
Places365_val_00004654.jpg,/d/diner/outdoor
Places365_val_00000477.jpg,/d/doorway/outdoor
Places365_val_00014560.jpg,/d/doorway/outdoor
Places365_val_00024628.jpg,/d/doorway/outdoor
Places365_val_00005209.jpg,/d/downtown
Places365_val_00020044.jpg,/d/downtown
Places365_val_00026899.jpg,/d/downtown
Places365_val_00005004.jpg,/d/driveway
Places365_val_00009799.jpg,/d/driveway
Places365_val_00031680.jpg,/d/driveway
Places365_val_00005997.jpg,/e/embassy
Places365_val_00006833.jpg,/e/embassy
Places365_val_00009555.jpg,/e/embassy
Places365_val_00000242.jpg,/e/excavation
Places365_val_00016483.jpg,/e/excavation
Places365_val_00031618.jpg,/e/excavation
Places365_val_00001173.jpg,/f/farm
Places365_val_00014042.jpg,/f/farm
Places365_val_00033417.jpg,/f/farm
Places365_val_00001355.jpg,/f/field/cultivated
Places365_val_00009762.jpg,/f/field/cultivated
Places365_val_00014942.jpg,/f/field/cultivated
Places365_val_00000934.jpg,/f/field_road
Places365_val_00002065.jpg,/f/field_road
Places365_val_00031362.jpg,/f/field_road
Places365_val_00004951.jpg,/f/field/wild
Places365_val_00008923.jpg,/f/field/wild
Places365_val_00011352.jpg,/f/field/wild
Places365_val_00002797.jpg,/f/fire_escape
Places365_val_00003610.jpg,/f/fire_escape
Places365_val_00006292.jpg,/f/fire_escape
Places365_val_00000388.jpg,/f/fire_station
Places365_val_00000467.jpg,/f/fire_station
Places365_val_00007566.jpg,/f/fire_station
Places365_val_00002290.jpg,/f/fishpond
Places365_val_00002293.jpg,/f/fishpond
Places365_val_00002488.jpg,/f/fishpond
Places365_val_00001654.jpg,/f/football_field
Places365_val_00003768.jpg,/f/football_field
Places365_val_00003845.jpg,/f/football_field
Places365_val_00000799.jpg,/f/forest/broadleaf
Places365_val_00015456.jpg,/f/forest/broadleaf
Places365_val_00016197.jpg,/f/forest/broadleaf
Places365_val_00000245.jpg,/f/forest_path
Places365_val_00010111.jpg,/f/forest_path
Places365_val_00014888.jpg,/f/forest_path
Places365_val_00000566.jpg,/f/forest_road
Places365_val_00001138.jpg,/f/forest_road
Places365_val_00023513.jpg,/f/forest_road
Places365_val_00000552.jpg,/f/formal_garden
Places365_val_00015453.jpg,/f/formal_garden
Places365_val_00018192.jpg,/f/formal_garden
Places365_val_00002747.jpg,/f/fountain
Places365_val_00006819.jpg,/f/fountain
Places365_val_00021122.jpg,/f/fountain
Places365_val_00000888.jpg,/g/garage/outdoor
Places365_val_00000928.jpg,/g/garage/outdoor
Places365_val_00001322.jpg,/g/garage/outdoor
Places365_val_00009015.jpg,/g/gas_station
Places365_val_00032474.jpg,/g/gas_station
Places365_val_00033790.jpg,/g/gas_station
Places365_val_00000131.jpg,/g/gazebo/exterior
Places365_val_00005236.jpg,/g/gazebo/exterior
Places365_val_00006284.jpg,/g/gazebo/exterior
Places365_val_00007439.jpg,/g/general_store/outdoor
Places365_val_00014062.jpg,/g/general_store/outdoor
Places365_val_00023772.jpg,/g/general_store/outdoor
Places365_val_00000017.jpg,/g/glacier
Places365_val_00004333.jpg,/g/glacier
Places365_val_00022487.jpg,/g/glacier
Places365_val_00000391.jpg,/g/golf_course
Places365_val_00009301.jpg,/g/golf_course
Places365_val_00016620.jpg,/g/golf_course
Places365_val_00000787.jpg,/g/greenhouse/outdoor
Places365_val_00001186.jpg,/g/greenhouse/outdoor
Places365_val_00027757.jpg,/g/greenhouse/outdoor
Places365_val_00004100.jpg,/g/grotto
Places365_val_00007075.jpg,/g/grotto
Places365_val_00007087.jpg,/g/grotto
Places365_val_00001019.jpg,/h/hangar/outdoor
Places365_val_00008834.jpg,/h/hangar/outdoor
Places365_val_00011883.jpg,/h/hangar/outdoor
Places365_val_00007552.jpg,/h/harbor
Places365_val_00025954.jpg,/h/harbor
Places365_val_00035515.jpg,/h/harbor
Places365_val_00015144.jpg,/h/hayfield
Places365_val_00026163.jpg,/h/hayfield
Places365_val_00026790.jpg,/h/hayfield
Places365_val_00004516.jpg,/h/heliport
Places365_val_00004680.jpg,/h/heliport
Places365_val_00023259.jpg,/h/heliport
Places365_val_00000247.jpg,/h/highway
Places365_val_00003452.jpg,/h/highway
Places365_val_00031758.jpg,/h/highway
Places365_val_00001034.jpg,/h/hospital
Places365_val_00001309.jpg,/h/hospital
Places365_val_00034390.jpg,/h/hospital
Places365_val_00000255.jpg,/h/hot_spring
Places365_val_00018287.jpg,/h/hot_spring
Places365_val_00025787.jpg,/h/hot_spring
Places365_val_00000628.jpg,/h/hotel/outdoor
Places365_val_00004708.jpg,/h/hotel/outdoor
Places365_val_00032647.jpg,/h/hotel/outdoor
Places365_val_00000963.jpg,/h/house
Places365_val_00000975.jpg,/h/house
Places365_val_00007469.jpg,/h/house
Places365_val_00005750.jpg,/h/hunting_lodge/outdoor
Places365_val_00006417.jpg,/h/hunting_lodge/outdoor
Places365_val_00036098.jpg,/h/hunting_lodge/outdoor
Places365_val_00001354.jpg,/i/ice_floe
Places365_val_00008895.jpg,/i/ice_floe
Places365_val_00034999.jpg,/i/ice_floe
Places365_val_00000134.jpg,/i/ice_shelf
Places365_val_00006859.jpg,/i/ice_shelf
Places365_val_00010988.jpg,/i/ice_shelf
Places365_val_00001905.jpg,/i/ice_skating_rink/outdoor
Places365_val_00015790.jpg,/i/ice_skating_rink/outdoor
Places365_val_00036447.jpg,/i/ice_skating_rink/outdoor
Places365_val_00011519.jpg,/i/iceberg
Places365_val_00029439.jpg,/i/iceberg
Places365_val_00036107.jpg,/i/iceberg
Places365_val_00006503.jpg,/i/igloo
Places365_val_00010514.jpg,/i/igloo
Places365_val_00017433.jpg,/i/igloo
Places365_val_00006299.jpg,/i/industrial_area
Places365_val_00029031.jpg,/i/industrial_area
Places365_val_00031332.jpg,/i/industrial_area
Places365_val_00000852.jpg,/i/inn/outdoor
Places365_val_00001297.jpg,/i/inn/outdoor
Places365_val_00036211.jpg,/i/inn/outdoor
Places365_val_00001281.jpg,/i/islet
Places365_val_00003772.jpg,/i/islet
Places365_val_00011477.jpg,/i/islet
Places365_val_00000029.jpg,/j/japanese_garden
Places365_val_00000188.jpg,/j/japanese_garden
Places365_val_00000493.jpg,/j/japanese_garden
Places365_val_00001959.jpg,/j/junkyard
Places365_val_00002666.jpg,/j/junkyard
Places365_val_00008137.jpg,/j/junkyard
Places365_val_00000068.jpg,/k/kasbah
Places365_val_00018631.jpg,/k/kasbah
Places365_val_00021129.jpg,/k/kasbah
Places365_val_00024483.jpg,/k/kennel/outdoor
Places365_val_00017696.jpg,/k/kennel/outdoor
Places365_val_00026148.jpg,/k/kennel/outdoor
Places365_val_00000151.jpg,/l/lagoon
Places365_val_00005181.jpg,/l/lagoon
Places365_val_00019720.jpg,/l/lagoon
Places365_val_00000164.jpg,/l/lake/natural
Places365_val_00002923.jpg,/l/lake/natural
Places365_val_00030411.jpg,/l/lake/natural
Places365_val_00000548.jpg,/l/landfill
Places365_val_00000701.jpg,/l/landfill
Places365_val_00026702.jpg,/l/landfill
Places365_val_00005333.jpg,/l/landing_deck
Places365_val_00013254.jpg,/l/landing_deck
Places365_val_00017210.jpg,/l/landing_deck
Places365_val_00000269.jpg,/l/lawn
Places365_val_00014572.jpg,/l/lawn
Places365_val_00028197.jpg,/l/lawn
Places365_val_00000954.jpg,/l/library/outdoor
Places365_val_00001134.jpg,/l/library/outdoor
Places365_val_00001665.jpg,/l/library/outdoor
Places365_val_00003302.jpg,/l/lighthouse
Places365_val_00016667.jpg,/l/lighthouse
Places365_val_00029848.jpg,/l/lighthouse
Places365_val_00000429.jpg,/l/loading_dock
Places365_val_00003473.jpg,/l/loading_dock
Places365_val_00033390.jpg,/l/loading_dock
Places365_val_00000742.jpg,/l/lock_chamber
Places365_val_00027453.jpg,/l/lock_chamber
Places365_val_00036297.jpg,/l/lock_chamber
Places365_val_00000715.jpg,/m/mansion
Places365_val_00002953.jpg,/m/mansion
Places365_val_00033898.jpg,/m/mansion
Places365_val_00001010.jpg,/m/manufactured_home
Places365_val_00001964.jpg,/m/manufactured_home
Places365_val_00002568.jpg,/m/manufactured_home
Places365_val_00000761.jpg,/m/market/outdoor
Places365_val_00002072.jpg,/m/market/outdoor
Places365_val_00027692.jpg,/m/market/outdoor
Places365_val_00004797.jpg,/m/marsh
Places365_val_00018447.jpg,/m/marsh
Places365_val_00030108.jpg,/m/marsh
Places365_val_00006117.jpg,/m/mausoleum
Places365_val_00007050.jpg,/m/mausoleum
Places365_val_00007099.jpg,/m/mausoleum
Places365_val_00021050.jpg,/m/medina
Places365_val_00030202.jpg,/m/medina
Places365_val_00034646.jpg,/m/medina
Places365_val_00013067.jpg,/m/moat/water
Places365_val_00014408.jpg,/m/moat/water
Places365_val_00029762.jpg,/m/moat/water
Places365_val_00001733.jpg,/m/mosque/outdoor
Places365_val_00003348.jpg,/m/mosque/outdoor
Places365_val_00033556.jpg,/m/mosque/outdoor
Places365_val_00026161.jpg,/m/motel
Places365_val_00032123.jpg,/m/motel
Places365_val_00033677.jpg,/m/motel
Places365_val_00005112.jpg,/m/mountain
Places365_val_00016773.jpg,/m/mountain
Places365_val_00029682.jpg,/m/mountain
Places365_val_00000195.jpg,/m/mountain_path
Places365_val_00000773.jpg,/m/mountain_path
Places365_val_00012813.jpg,/m/mountain_path
Places365_val_00003457.jpg,/m/mountain_snowy
Places365_val_00034608.jpg,/m/mountain_snowy
Places365_val_00036166.jpg,/m/mountain_snowy
Places365_val_00000232.jpg,/m/museum/outdoor
Places365_val_00001845.jpg,/m/museum/outdoor
Places365_val_00003515.jpg,/m/museum/outdoor
Places365_val_00001046.jpg,/o/oast_house
Places365_val_00007400.jpg,/o/oast_house
Places365_val_00024181.jpg,/o/oast_house
Places365_val_00000025.jpg,/o/ocean
Places365_val_00001802.jpg,/o/ocean
Places365_val_00034296.jpg,/o/ocean
Places365_val_00002126.jpg,/o/office_building
Places365_val_00003456.jpg,/o/office_building
Places365_val_00030242.jpg,/o/office_building
Places365_val_00001551.jpg,/o/oilrig
Places365_val_00002978.jpg,/o/oilrig
Places365_val_00005368.jpg,/o/oilrig
Places365_val_00000543.jpg,/o/orchard
Places365_val_00009702.jpg,/o/orchard
Places365_val_00010605.jpg,/o/orchard
Places365_val_00000235.jpg,/p/pagoda
Places365_val_00003569.jpg,/p/pagoda
Places365_val_00004750.jpg,/p/pagoda
Places365_val_00000453.jpg,/p/palace
Places365_val_00015311.jpg,/p/palace
Places365_val_00000772.jpg,/p/palace
Places365_val_00000993.jpg,/p/park
Places365_val_00001884.jpg,/p/park
Places365_val_00011642.jpg,/p/park
Places365_val_00000759.jpg,/p/parking_garage/outdoor
Places365_val_00000981.jpg,/p/parking_garage/outdoor
Places365_val_00022404.jpg,/p/parking_garage/outdoor
Places365_val_00008651.jpg,/p/parking_lot
Places365_val_00011213.jpg,/p/parking_lot
Places365_val_00016035.jpg,/p/parking_lot
Places365_val_00002731.jpg,/p/pasture
Places365_val_00002985.jpg,/p/pasture
Places365_val_00009201.jpg,/p/pasture
Places365_val_00001524.jpg,/p/patio
Places365_val_00008398.jpg,/p/patio
Places365_val_00024490.jpg,/p/patio
Places365_val_00004587.jpg,/p/pavilion
Places365_val_00015357.jpg,/p/pavilion
Places365_val_00024044.jpg,/p/pavilion
Places365_val_00000327.jpg,/p/picnic_area
Places365_val_00002514.jpg,/p/picnic_area
Places365_val_00025294.jpg,/p/picnic_area
Places365_val_00003228.jpg,/p/pier
Places365_val_00017244.jpg,/p/pier
Places365_val_00032135.jpg,/p/pier
Places365_val_00000497.jpg,/p/playground
Places365_val_00005158.jpg,/p/playground
Places365_val_00027439.jpg,/p/playground
Places365_val_00014057.jpg,/p/plaza
Places365_val_00025417.jpg,/p/plaza
Places365_val_00028659.jpg,/p/plaza
Places365_val_00000692.jpg,/p/pond
Places365_val_00009484.jpg,/p/pond
Places365_val_00022891.jpg,/p/pond
Places365_val_00019118.jpg,/p/porch
Places365_val_00034254.jpg,/p/porch
Places365_val_00036183.jpg,/p/porch
Places365_val_00006043.jpg,/p/promenade
Places365_val_00026557.jpg,/p/promenade
Places365_val_00033699.jpg,/p/promenade
Places365_val_00001933.jpg,/r/racecourse
Places365_val_00008701.jpg,/r/racecourse
Places365_val_00029258.jpg,/r/racecourse
Places365_val_00008660.jpg,/r/raceway
Places365_val_00010127.jpg,/r/raceway
Places365_val_00030951.jpg,/r/raceway
Places365_val_00003992.jpg,/r/raft
Places365_val_00010590.jpg,/r/raft
Places365_val_00018471.jpg,/r/raft
Places365_val_00010128.jpg,/r/railroad_track
Places365_val_00010225.jpg,/r/railroad_track
Places365_val_00003990.jpg,/r/railroad_track
Places365_val_00001486.jpg,/r/rainforest
Places365_val_00004358.jpg,/r/rainforest
Places365_val_00023520.jpg,/r/rainforest
Places365_val_00000229.jpg,/r/residential_neighborhood
Places365_val_00000392.jpg,/r/residential_neighborhood
Places365_val_00000594.jpg,/r/residential_neighborhood
Places365_val_00001399.jpg,/r/restaurant_patio
Places365_val_00010054.jpg,/r/restaurant_patio
Places365_val_00017182.jpg,/r/restaurant_patio
Places365_val_00000073.jpg,/r/rice_paddy
Places365_val_00000289.jpg,/r/rice_paddy
Places365_val_00001312.jpg,/r/rice_paddy
Places365_val_00004757.jpg,/r/river
Places365_val_00005577.jpg,/r/river
Places365_val_00030512.jpg,/r/river
Places365_val_00011182.jpg,/r/rock_arch
Places365_val_00029832.jpg,/r/rock_arch
Places365_val_00029907.jpg,/r/rock_arch
Places365_val_00000141.jpg,/r/roof_garden
Places365_val_00000479.jpg,/r/roof_garden
Places365_val_00035892.jpg,/r/roof_garden
Places365_val_00002446.jpg,/r/rope_bridge
Places365_val_00015885.jpg,/r/rope_bridge
Places365_val_00022616.jpg,/r/rope_bridge
Places365_val_00007887.jpg,/r/ruin
Places365_val_00016908.jpg,/r/ruin
Places365_val_00024863.jpg,/r/ruin
Places365_val_00001271.jpg,/r/runway
Places365_val_00004236.jpg,/r/runway
Places365_val_00024960.jpg,/r/runway
Places365_val_00004423.jpg,/s/schoolhouse
Places365_val_00019740.jpg,/s/schoolhouse
Places365_val_00027220.jpg,/s/schoolhouse
Places365_val_00002793.jpg,/s/shed
Places365_val_00034462.jpg,/s/shed
Places365_val_00035309.jpg,/s/shed
Places365_val_00000584.jpg,/s/ski_resort
Places365_val_00018662.jpg,/s/ski_resort
Places365_val_00036198.jpg,/s/ski_resort
Places365_val_00003155.jpg,/s/ski_slope
Places365_val_00010109.jpg,/s/ski_slope
Places365_val_00031641.jpg,/s/ski_slope
Places365_val_00001577.jpg,/s/sky
Places365_val_00004859.jpg,/s/sky
Places365_val_00006598.jpg,/s/sky
Places365_val_00011750.jpg,/s/skyscraper
Places365_val_00001265.jpg,/s/skyscraper
Places365_val_00001890.jpg,/s/skyscraper
Places365_val_00002360.jpg,/s/slum
Places365_val_00010622.jpg,/s/slum
Places365_val_00016244.jpg,/s/slum
Places365_val_00000527.jpg,/s/snowfield
Places365_val_00016103.jpg,/s/snowfield
Places365_val_00029550.jpg,/s/snowfield
Places365_val_00006114.jpg,/s/soccer_field
Places365_val_00006901.jpg,/s/soccer_field
Places365_val_00010576.jpg,/s/soccer_field
Places365_val_00033165.jpg,/s/stadium/baseball
Places365_val_00033548.jpg,/s/stadium/baseball
Places365_val_00034404.jpg,/s/stadium/baseball
Places365_val_00008268.jpg,/s/stadium/football
Places365_val_00022932.jpg,/s/stadium/football
Places365_val_00029616.jpg,/s/stadium/football
Places365_val_00004056.jpg,/s/stadium/soccer
Places365_val_00002610.jpg,/s/stadium/soccer
Places365_val_00034089.jpg,/s/stadium/soccer
Places365_val_00016474.jpg,/s/stage/outdoor
Places365_val_00020723.jpg,/s/stage/outdoor
Places365_val_00021746.jpg,/s/stage/outdoor
Places365_val_00000464.jpg,/s/street
Places365_val_00034828.jpg,/s/street
Places365_val_00036456.jpg,/s/street
Places365_val_00001605.jpg,/s/swamp
Places365_val_00014238.jpg,/s/swamp
Places365_val_00032982.jpg,/s/swamp
Places365_val_00000124.jpg,/s/swimming_hole
Places365_val_00000189.jpg,/s/swimming_hole
Places365_val_00000709.jpg,/s/swimming_hole
Places365_val_00001048.jpg,/s/swimming_pool/outdoor
Places365_val_00024152.jpg,/s/swimming_pool/outdoor
Places365_val_00031202.jpg,/s/swimming_pool/outdoor
Places365_val_00005726.jpg,/s/synagogue/outdoor
Places365_val_00033318.jpg,/s/synagogue/outdoor
Places365_val_00009247.jpg,/s/synagogue/outdoor
Places365_val_00000350.jpg,/t/temple/asia
Places365_val_00001217.jpg,/t/temple/asia
Places365_val_00004921.jpg,/t/temple/asia
Places365_val_00016184.jpg,/t/topiary_garden
Places365_val_00034112.jpg,/t/topiary_garden
Places365_val_00035182.jpg,/t/topiary_garden
Places365_val_00001001.jpg,/t/tower
Places365_val_00003729.jpg,/t/tower
Places365_val_00034238.jpg,/t/tower
Places365_val_00002097.jpg,/t/tree_farm
Places365_val_00003161.jpg,/t/tree_farm
Places365_val_00005349.jpg,/t/tree_farm
Places365_val_00000043.jpg,/t/tree_house
Places365_val_00016715.jpg,/t/tree_house
Places365_val_00017673.jpg,/t/tree_house
Places365_val_00002643.jpg,/t/trench
Places365_val_00006232.jpg,/t/trench
Places365_val_00035186.jpg,/t/trench
Places365_val_00000450.jpg,/t/tundra
Places365_val_00001152.jpg,/t/tundra
Places365_val_00016133.jpg,/t/tundra
Places365_val_00006484.jpg,/v/valley
Places365_val_00011928.jpg,/v/valley
Places365_val_00034757.jpg,/v/valley
Places365_val_00001135.jpg,/v/vegetable_garden
Places365_val_00003208.jpg,/v/vegetable_garden
Places365_val_00004929.jpg,/v/vegetable_garden
Places365_val_00003156.jpg,/v/viaduct
Places365_val_00014763.jpg,/v/viaduct
Places365_val_00024460.jpg,/v/viaduct
Places365_val_00019557.jpg,/v/village
Places365_val_00031509.jpg,/v/village
Places365_val_00035220.jpg,/v/village
Places365_val_00000144.jpg,/v/vineyard
Places365_val_00001630.jpg,/v/vineyard
Places365_val_00021084.jpg,/v/vineyard
Places365_val_00001629.jpg,/v/volcano
Places365_val_00034440.jpg,/v/volcano
Places365_val_00035286.jpg,/v/volcano
Places365_val_00002558.jpg,/v/volleyball_court/outdoor
Places365_val_00016704.jpg,/v/volleyball_court/outdoor
Places365_val_00023860.jpg,/v/volleyball_court/outdoor
Places365_val_00004451.jpg,/w/water_park
Places365_val_00027574.jpg,/w/water_park
Places365_val_00010863.jpg,/w/water_park
Places365_val_00003374.jpg,/w/water_tower
Places365_val_00010258.jpg,/w/water_tower
Places365_val_00012134.jpg,/w/water_tower
Places365_val_00005054.jpg,/w/waterfall
Places365_val_00024539.jpg,/w/waterfall
Places365_val_00028035.jpg,/w/waterfall
Places365_val_00003894.jpg,/w/watering_hole
Places365_val_00004696.jpg,/w/watering_hole
Places365_val_00006006.jpg,/w/watering_hole
Places365_val_00000119.jpg,/w/wave
Places365_val_00003227.jpg,/w/wave
Places365_val_00004010.jpg,/w/wave
Places365_val_00004492.jpg,/w/wheat_field
Places365_val_00005585.jpg,/w/wheat_field
Places365_val_00032076.jpg,/w/wheat_field
Places365_val_00000927.jpg,/w/wind_farm
Places365_val_00026552.jpg,/w/wind_farm
Places365_val_00028252.jpg,/w/wind_farm
Places365_val_00000650.jpg,/w/windmill
Places365_val_00016121.jpg,/w/windmill
Places365_val_00034143.jpg,/w/windmill
Places365_val_00002172.jpg,/y/yard
Places365_val_00002335.jpg,/y/yard
Places365_val_00004222.jpg,/y/yard
Places365_val_00000679.jpg,/z/zen_garden
Places365_val_00000984.jpg,/z/zen_garden
Places365_val_00026144.jpg,/z/zen_garden